genre,book_url
Fiction,https://www.gutenberg.org/ebooks/84
Fiction,https://www.gutenberg.org/ebooks/2701
Fiction,https://www.gutenberg.org/ebooks/1342
Fiction,https://www.gutenberg.org/ebooks/1513
Fiction,https://www.gutenberg.org/ebooks/11
Fiction,https://www.gutenberg.org/ebooks/2542
Fiction,https://www.gutenberg.org/ebooks/64317
Fiction,https://www.gutenberg.org/ebooks/844
Fiction,https://www.gutenberg.org/ebooks/100
Fiction,https://www.gutenberg.org/ebooks/145
Fiction,https://www.gutenberg.org/ebooks/2641
Fiction,https://www.gutenberg.org/ebooks/43
Fiction,https://www.gutenberg.org/ebooks/37106
Fiction,https://www.gutenberg.org/ebooks/174
Fiction,https://www.gutenberg.org/ebooks/67979
Fiction,https://www.gutenberg.org/ebooks/16389
Fiction,https://www.gutenberg.org/ebooks/2554
Fiction,https://www.gutenberg.org/ebooks/345
Fiction,https://www.gutenberg.org/ebooks/394
Fiction,https://www.gutenberg.org/ebooks/2160
Fiction,https://www.gutenberg.org/ebooks/6761
Fiction,https://www.gutenberg.org/ebooks/1259
Fiction,https://www.gutenberg.org/ebooks/6593
Fiction,https://www.gutenberg.org/ebooks/4085
Fiction,https://www.gutenberg.org/ebooks/98
Fiction,https://www.gutenberg.org/ebooks/84
Fiction,https://www.gutenberg.org/ebooks/2701
Fiction,https://www.gutenberg.org/ebooks/1342
Fiction,https://www.gutenberg.org/ebooks/1513
Fiction,https://www.gutenberg.org/ebooks/11
Fiction,https://www.gutenberg.org/ebooks/2542
Fiction,https://www.gutenberg.org/ebooks/64317
Fiction,https://www.gutenberg.org/ebooks/844
Fiction,https://www.gutenberg.org/ebooks/100
Fiction,https://www.gutenberg.org/ebooks/145
Fiction,https://www.gutenberg.org/ebooks/2641
Fiction,https://www.gutenberg.org/ebooks/43
Fiction,https://www.gutenberg.org/ebooks/37106
Fiction,https://www.gutenberg.org/ebooks/174
Fiction,https://www.gutenberg.org/ebooks/67979
Fiction,https://www.gutenberg.org/ebooks/16389
Fiction,https://www.gutenberg.org/ebooks/2554
Fiction,https://www.gutenberg.org/ebooks/345
Fiction,https://www.gutenberg.org/ebooks/394
Fiction,https://www.gutenberg.org/ebooks/2160
Fiction,https://www.gutenberg.org/ebooks/6761
Fiction,https://www.gutenberg.org/ebooks/1259
Fiction,https://www.gutenberg.org/ebooks/6593
Fiction,https://www.gutenberg.org/ebooks/4085
Fiction,https://www.gutenberg.org/ebooks/98
Fiction,https://www.gutenberg.org/ebooks/84
Fiction,https://www.gutenberg.org/ebooks/2701
Fiction,https://www.gutenberg.org/ebooks/1342
Fiction,https://www.gutenberg.org/ebooks/1513
Fiction,https://www.gutenberg.org/ebooks/11
Fiction,https://www.gutenberg.org/ebooks/2542
Fiction,https://www.gutenberg.org/ebooks/64317
Fiction,https://www.gutenberg.org/ebooks/844
Fiction,https://www.gutenberg.org/ebooks/100
Fiction,https://www.gutenberg.org/ebooks/145
Fiction,https://www.gutenberg.org/ebooks/2641
Fiction,https://www.gutenberg.org/ebooks/43
Fiction,https://www.gutenberg.org/ebooks/37106
Fiction,https://www.gutenberg.org/ebooks/174
Fiction,https://www.gutenberg.org/ebooks/67979
Fiction,https://www.gutenberg.org/ebooks/16389
Fiction,https://www.gutenberg.org/ebooks/2554
Fiction,https://www.gutenberg.org/ebooks/345
Fiction,https://www.gutenberg.org/ebooks/394
Fiction,https://www.gutenberg.org/ebooks/2160
Fiction,https://www.gutenberg.org/ebooks/6761
Fiction,https://www.gutenberg.org/ebooks/1259
Fiction,https://www.gutenberg.org/ebooks/6593
Fiction,https://www.gutenberg.org/ebooks/4085
Fiction,https://www.gutenberg.org/ebooks/98
Fiction,https://www.gutenberg.org/ebooks/84
Fiction,https://www.gutenberg.org/ebooks/2701
Fiction,https://www.gutenberg.org/ebooks/1342
Fiction,https://www.gutenberg.org/ebooks/1513
Fiction,https://www.gutenberg.org/ebooks/11
Fiction,https://www.gutenberg.org/ebooks/2542
Fiction,https://www.gutenberg.org/ebooks/64317
Fiction,https://www.gutenberg.org/ebooks/844
Fiction,https://www.gutenberg.org/ebooks/100
Fiction,https://www.gutenberg.org/ebooks/145
Fiction,https://www.gutenberg.org/ebooks/2641
Fiction,https://www.gutenberg.org/ebooks/43
Fiction,https://www.gutenberg.org/ebooks/37106
Fiction,https://www.gutenberg.org/ebooks/174
Fiction,https://www.gutenberg.org/ebooks/67979
Fiction,https://www.gutenberg.org/ebooks/16389
Fiction,https://www.gutenberg.org/ebooks/2554
Fiction,https://www.gutenberg.org/ebooks/345
Fiction,https://www.gutenberg.org/ebooks/394
Fiction,https://www.gutenberg.org/ebooks/2160
Fiction,https://www.gutenberg.org/ebooks/6761
Fiction,https://www.gutenberg.org/ebooks/1259
Fiction,https://www.gutenberg.org/ebooks/6593
Fiction,https://www.gutenberg.org/ebooks/4085
Fiction,https://www.gutenberg.org/ebooks/98
Fiction,https://www.gutenberg.org/ebooks/84
Fiction,https://www.gutenberg.org/ebooks/2701
Fiction,https://www.gutenberg.org/ebooks/1342
Fiction,https://www.gutenberg.org/ebooks/1513
Fiction,https://www.gutenberg.org/ebooks/11
Fiction,https://www.gutenberg.org/ebooks/2542
Fiction,https://www.gutenberg.org/ebooks/64317
Fiction,https://www.gutenberg.org/ebooks/844
Fiction,https://www.gutenberg.org/ebooks/100
Fiction,https://www.gutenberg.org/ebooks/145
Fiction,https://www.gutenberg.org/ebooks/2641
Fiction,https://www.gutenberg.org/ebooks/43
Fiction,https://www.gutenberg.org/ebooks/37106
Fiction,https://www.gutenberg.org/ebooks/174
Fiction,https://www.gutenberg.org/ebooks/67979
Fiction,https://www.gutenberg.org/ebooks/16389
Fiction,https://www.gutenberg.org/ebooks/2554
Fiction,https://www.gutenberg.org/ebooks/345
Fiction,https://www.gutenberg.org/ebooks/394
Fiction,https://www.gutenberg.org/ebooks/2160
Fiction,https://www.gutenberg.org/ebooks/6761
Fiction,https://www.gutenberg.org/ebooks/1259
Fiction,https://www.gutenberg.org/ebooks/6593
Fiction,https://www.gutenberg.org/ebooks/4085
Fiction,https://www.gutenberg.org/ebooks/98
Fiction,https://www.gutenberg.org/ebooks/84
Fiction,https://www.gutenberg.org/ebooks/2701
Fiction,https://www.gutenberg.org/ebooks/1342
Fiction,https://www.gutenberg.org/ebooks/1513
Fiction,https://www.gutenberg.org/ebooks/11
Fiction,https://www.gutenberg.org/ebooks/2542
Fiction,https://www.gutenberg.org/ebooks/64317
Fiction,https://www.gutenberg.org/ebooks/844
Fiction,https://www.gutenberg.org/ebooks/100
Fiction,https://www.gutenberg.org/ebooks/145
Fiction,https://www.gutenberg.org/ebooks/2641
Fiction,https://www.gutenberg.org/ebooks/43
Fiction,https://www.gutenberg.org/ebooks/37106
Fiction,https://www.gutenberg.org/ebooks/174
Fiction,https://www.gutenberg.org/ebooks/67979
Fiction,https://www.gutenberg.org/ebooks/16389
Fiction,https://www.gutenberg.org/ebooks/2554
Fiction,https://www.gutenberg.org/ebooks/345
Fiction,https://www.gutenberg.org/ebooks/394
Fiction,https://www.gutenberg.org/ebooks/2160
Fiction,https://www.gutenberg.org/ebooks/6761
Fiction,https://www.gutenberg.org/ebooks/1259
Fiction,https://www.gutenberg.org/ebooks/6593
Fiction,https://www.gutenberg.org/ebooks/4085
Fiction,https://www.gutenberg.org/ebooks/98
Crime_Mystery,https://www.gutenberg.org/ebooks/2554
Crime_Mystery,https://www.gutenberg.org/ebooks/1661
Crime_Mystery,https://www.gutenberg.org/ebooks/244
Crime_Mystery,https://www.gutenberg.org/ebooks/2852
Crime_Mystery,https://www.gutenberg.org/ebooks/2097
Crime_Mystery,https://www.gutenberg.org/ebooks/69087
Crime_Mystery,https://www.gutenberg.org/ebooks/14977
Crime_Mystery,https://www.gutenberg.org/ebooks/2147
Crime_Mystery,https://www.gutenberg.org/ebooks/863
Crime_Mystery,https://www.gutenberg.org/ebooks/834
Crime_Mystery,https://www.gutenberg.org/ebooks/75998
Crime_Mystery,https://www.gutenberg.org/ebooks/108
Crime_Mystery,https://www.gutenberg.org/ebooks/6133
Crime_Mystery,https://www.gutenberg.org/ebooks/39287
Crime_Mystery,https://www.gutenberg.org/ebooks/14975
Crime_Mystery,https://www.gutenberg.org/ebooks/155
Crime_Mystery,https://www.gutenberg.org/ebooks/583
Crime_Mystery,https://www.gutenberg.org/ebooks/23078
Crime_Mystery,https://www.gutenberg.org/ebooks/48320
Crime_Mystery,https://www.gutenberg.org/ebooks/1695
Crime_Mystery,https://www.gutenberg.org/ebooks/75949
Crime_Mystery,https://www.gutenberg.org/ebooks/58866
Crime_Mystery,https://www.gutenberg.org/ebooks/61851
Crime_Mystery,https://www.gutenberg.org/ebooks/61262
Crime_Mystery,https://www.gutenberg.org/ebooks/76059
Crime_Mystery,https://www.gutenberg.org/ebooks/2554
Crime_Mystery,https://www.gutenberg.org/ebooks/1661
Crime_Mystery,https://www.gutenberg.org/ebooks/244
Crime_Mystery,https://www.gutenberg.org/ebooks/2852
Crime_Mystery,https://www.gutenberg.org/ebooks/2097
Crime_Mystery,https://www.gutenberg.org/ebooks/69087
Crime_Mystery,https://www.gutenberg.org/ebooks/14977
Crime_Mystery,https://www.gutenberg.org/ebooks/2147
Crime_Mystery,https://www.gutenberg.org/ebooks/863
Crime_Mystery,https://www.gutenberg.org/ebooks/834
Crime_Mystery,https://www.gutenberg.org/ebooks/75998
Crime_Mystery,https://www.gutenberg.org/ebooks/108
Crime_Mystery,https://www.gutenberg.org/ebooks/6133
Crime_Mystery,https://www.gutenberg.org/ebooks/39287
Crime_Mystery,https://www.gutenberg.org/ebooks/14975
Crime_Mystery,https://www.gutenberg.org/ebooks/155
Crime_Mystery,https://www.gutenberg.org/ebooks/583
Crime_Mystery,https://www.gutenberg.org/ebooks/23078
Crime_Mystery,https://www.gutenberg.org/ebooks/48320
Crime_Mystery,https://www.gutenberg.org/ebooks/1695
Crime_Mystery,https://www.gutenberg.org/ebooks/75949
Crime_Mystery,https://www.gutenberg.org/ebooks/58866
Crime_Mystery,https://www.gutenberg.org/ebooks/61851
Crime_Mystery,https://www.gutenberg.org/ebooks/61262
Crime_Mystery,https://www.gutenberg.org/ebooks/76059
Crime_Mystery,https://www.gutenberg.org/ebooks/2554
Crime_Mystery,https://www.gutenberg.org/ebooks/1661
Crime_Mystery,https://www.gutenberg.org/ebooks/244
Crime_Mystery,https://www.gutenberg.org/ebooks/2852
Crime_Mystery,https://www.gutenberg.org/ebooks/2097
Crime_Mystery,https://www.gutenberg.org/ebooks/69087
Crime_Mystery,https://www.gutenberg.org/ebooks/14977
Crime_Mystery,https://www.gutenberg.org/ebooks/2147
Crime_Mystery,https://www.gutenberg.org/ebooks/863
Crime_Mystery,https://www.gutenberg.org/ebooks/834
Crime_Mystery,https://www.gutenberg.org/ebooks/75998
Crime_Mystery,https://www.gutenberg.org/ebooks/108
Crime_Mystery,https://www.gutenberg.org/ebooks/6133
Crime_Mystery,https://www.gutenberg.org/ebooks/39287
Crime_Mystery,https://www.gutenberg.org/ebooks/14975
Crime_Mystery,https://www.gutenberg.org/ebooks/155
Crime_Mystery,https://www.gutenberg.org/ebooks/583
Crime_Mystery,https://www.gutenberg.org/ebooks/23078
Crime_Mystery,https://www.gutenberg.org/ebooks/48320
Crime_Mystery,https://www.gutenberg.org/ebooks/1695
Crime_Mystery,https://www.gutenberg.org/ebooks/75949
Crime_Mystery,https://www.gutenberg.org/ebooks/58866
Crime_Mystery,https://www.gutenberg.org/ebooks/61851
Crime_Mystery,https://www.gutenberg.org/ebooks/61262
Crime_Mystery,https://www.gutenberg.org/ebooks/76059
Crime_Mystery,https://www.gutenberg.org/ebooks/2554
Crime_Mystery,https://www.gutenberg.org/ebooks/1661
Crime_Mystery,https://www.gutenberg.org/ebooks/244
Crime_Mystery,https://www.gutenberg.org/ebooks/2852
Crime_Mystery,https://www.gutenberg.org/ebooks/2097
Crime_Mystery,https://www.gutenberg.org/ebooks/69087
Crime_Mystery,https://www.gutenberg.org/ebooks/14977
Crime_Mystery,https://www.gutenberg.org/ebooks/2147
Crime_Mystery,https://www.gutenberg.org/ebooks/863
Crime_Mystery,https://www.gutenberg.org/ebooks/834
Crime_Mystery,https://www.gutenberg.org/ebooks/75998
Crime_Mystery,https://www.gutenberg.org/ebooks/108
Crime_Mystery,https://www.gutenberg.org/ebooks/6133
Crime_Mystery,https://www.gutenberg.org/ebooks/39287
Crime_Mystery,https://www.gutenberg.org/ebooks/14975
Crime_Mystery,https://www.gutenberg.org/ebooks/155
Crime_Mystery,https://www.gutenberg.org/ebooks/583
Crime_Mystery,https://www.gutenberg.org/ebooks/23078
Crime_Mystery,https://www.gutenberg.org/ebooks/48320
Crime_Mystery,https://www.gutenberg.org/ebooks/1695
Crime_Mystery,https://www.gutenberg.org/ebooks/75949
Crime_Mystery,https://www.gutenberg.org/ebooks/58866
Crime_Mystery,https://www.gutenberg.org/ebooks/61851
Crime_Mystery,https://www.gutenberg.org/ebooks/61262
Crime_Mystery,https://www.gutenberg.org/ebooks/76059
Crime_Mystery,https://www.gutenberg.org/ebooks/2554
Crime_Mystery,https://www.gutenberg.org/ebooks/1661
Crime_Mystery,https://www.gutenberg.org/ebooks/244
Crime_Mystery,https://www.gutenberg.org/ebooks/2852
Crime_Mystery,https://www.gutenberg.org/ebooks/2097
Crime_Mystery,https://www.gutenberg.org/ebooks/69087
Crime_Mystery,https://www.gutenberg.org/ebooks/14977
Crime_Mystery,https://www.gutenberg.org/ebooks/2147
Crime_Mystery,https://www.gutenberg.org/ebooks/863
Crime_Mystery,https://www.gutenberg.org/ebooks/834
Crime_Mystery,https://www.gutenberg.org/ebooks/75998
Crime_Mystery,https://www.gutenberg.org/ebooks/108
Crime_Mystery,https://www.gutenberg.org/ebooks/6133
Crime_Mystery,https://www.gutenberg.org/ebooks/39287
Crime_Mystery,https://www.gutenberg.org/ebooks/14975
Crime_Mystery,https://www.gutenberg.org/ebooks/155
Crime_Mystery,https://www.gutenberg.org/ebooks/583
Crime_Mystery,https://www.gutenberg.org/ebooks/23078
Crime_Mystery,https://www.gutenberg.org/ebooks/48320
Crime_Mystery,https://www.gutenberg.org/ebooks/1695
Crime_Mystery,https://www.gutenberg.org/ebooks/75949
Crime_Mystery,https://www.gutenberg.org/ebooks/58866
Crime_Mystery,https://www.gutenberg.org/ebooks/61851
Crime_Mystery,https://www.gutenberg.org/ebooks/61262
Crime_Mystery,https://www.gutenberg.org/ebooks/76059
Crime_Mystery,https://www.gutenberg.org/ebooks/2554
Crime_Mystery,https://www.gutenberg.org/ebooks/1661
Crime_Mystery,https://www.gutenberg.org/ebooks/244
Crime_Mystery,https://www.gutenberg.org/ebooks/2852
Crime_Mystery,https://www.gutenberg.org/ebooks/2097
Crime_Mystery,https://www.gutenberg.org/ebooks/69087
Crime_Mystery,https://www.gutenberg.org/ebooks/14977
Crime_Mystery,https://www.gutenberg.org/ebooks/2147
Crime_Mystery,https://www.gutenberg.org/ebooks/863
Crime_Mystery,https://www.gutenberg.org/ebooks/834
Crime_Mystery,https://www.gutenberg.org/ebooks/75998
Crime_Mystery,https://www.gutenberg.org/ebooks/108
Crime_Mystery,https://www.gutenberg.org/ebooks/6133
Crime_Mystery,https://www.gutenberg.org/ebooks/39287
Crime_Mystery,https://www.gutenberg.org/ebooks/14975
Crime_Mystery,https://www.gutenberg.org/ebooks/155
Crime_Mystery,https://www.gutenberg.org/ebooks/583
Crime_Mystery,https://www.gutenberg.org/ebooks/23078
Crime_Mystery,https://www.gutenberg.org/ebooks/48320
Crime_Mystery,https://www.gutenberg.org/ebooks/1695
Crime_Mystery,https://www.gutenberg.org/ebooks/75949
Crime_Mystery,https://www.gutenberg.org/ebooks/58866
Crime_Mystery,https://www.gutenberg.org/ebooks/61851
Crime_Mystery,https://www.gutenberg.org/ebooks/61262
Crime_Mystery,https://www.gutenberg.org/ebooks/76059
Humor,https://www.gutenberg.org/ebooks/2641
Humor,https://www.gutenberg.org/ebooks/6593
Humor,https://www.gutenberg.org/ebooks/1080
Humor,https://www.gutenberg.org/ebooks/76
Humor,https://www.gutenberg.org/ebooks/74
Humor,https://www.gutenberg.org/ebooks/158
Humor,https://www.gutenberg.org/ebooks/308
Humor,https://www.gutenberg.org/ebooks/8525
Humor,https://www.gutenberg.org/ebooks/972
Humor,https://www.gutenberg.org/ebooks/383
Humor,https://www.gutenberg.org/ebooks/19839
Humor,https://www.gutenberg.org/ebooks/580
Humor,https://www.gutenberg.org/ebooks/289
Humor,https://www.gutenberg.org/ebooks/17157
Humor,https://www.gutenberg.org/ebooks/56712
Humor,https://www.gutenberg.org/ebooks/31516
Humor,https://www.gutenberg.org/ebooks/27805
Humor,https://www.gutenberg.org/ebooks/19640
Humor,https://www.gutenberg.org/ebooks/4039
Humor,https://www.gutenberg.org/ebooks/3186
Humor,https://www.gutenberg.org/ebooks/24434
Humor,https://www.gutenberg.org/ebooks/3178
Humor,https://www.gutenberg.org/ebooks/12030
Humor,https://www.gutenberg.org/ebooks/4352
Humor,https://www.gutenberg.org/ebooks/6410
Humor,https://www.gutenberg.org/ebooks/2641
Humor,https://www.gutenberg.org/ebooks/6593
Humor,https://www.gutenberg.org/ebooks/1080
Humor,https://www.gutenberg.org/ebooks/76
Humor,https://www.gutenberg.org/ebooks/74
Humor,https://www.gutenberg.org/ebooks/158
Humor,https://www.gutenberg.org/ebooks/308
Humor,https://www.gutenberg.org/ebooks/8525
Humor,https://www.gutenberg.org/ebooks/972
Humor,https://www.gutenberg.org/ebooks/383
Humor,https://www.gutenberg.org/ebooks/19839
Humor,https://www.gutenberg.org/ebooks/580
Humor,https://www.gutenberg.org/ebooks/289
Humor,https://www.gutenberg.org/ebooks/17157
Humor,https://www.gutenberg.org/ebooks/56712
Humor,https://www.gutenberg.org/ebooks/31516
Humor,https://www.gutenberg.org/ebooks/27805
Humor,https://www.gutenberg.org/ebooks/19640
Humor,https://www.gutenberg.org/ebooks/4039
Humor,https://www.gutenberg.org/ebooks/3186
Humor,https://www.gutenberg.org/ebooks/24434
Humor,https://www.gutenberg.org/ebooks/3178
Humor,https://www.gutenberg.org/ebooks/12030
Humor,https://www.gutenberg.org/ebooks/4352
Humor,https://www.gutenberg.org/ebooks/6410
Humor,https://www.gutenberg.org/ebooks/2641
Humor,https://www.gutenberg.org/ebooks/6593
Humor,https://www.gutenberg.org/ebooks/1080
Humor,https://www.gutenberg.org/ebooks/76
Humor,https://www.gutenberg.org/ebooks/74
Humor,https://www.gutenberg.org/ebooks/158
Humor,https://www.gutenberg.org/ebooks/308
Humor,https://www.gutenberg.org/ebooks/8525
Humor,https://www.gutenberg.org/ebooks/972
Humor,https://www.gutenberg.org/ebooks/383
Humor,https://www.gutenberg.org/ebooks/19839
Humor,https://www.gutenberg.org/ebooks/580
Humor,https://www.gutenberg.org/ebooks/289
Humor,https://www.gutenberg.org/ebooks/17157
Humor,https://www.gutenberg.org/ebooks/56712
Humor,https://www.gutenberg.org/ebooks/31516
Humor,https://www.gutenberg.org/ebooks/27805
Humor,https://www.gutenberg.org/ebooks/19640
Humor,https://www.gutenberg.org/ebooks/4039
Humor,https://www.gutenberg.org/ebooks/3186
Humor,https://www.gutenberg.org/ebooks/24434
Humor,https://www.gutenberg.org/ebooks/3178
Humor,https://www.gutenberg.org/ebooks/12030
Humor,https://www.gutenberg.org/ebooks/4352
Humor,https://www.gutenberg.org/ebooks/6410
Humor,https://www.gutenberg.org/ebooks/2641
Humor,https://www.gutenberg.org/ebooks/6593
Humor,https://www.gutenberg.org/ebooks/1080
Humor,https://www.gutenberg.org/ebooks/76
Humor,https://www.gutenberg.org/ebooks/74
Humor,https://www.gutenberg.org/ebooks/158
Humor,https://www.gutenberg.org/ebooks/308
Humor,https://www.gutenberg.org/ebooks/8525
Humor,https://www.gutenberg.org/ebooks/972
Humor,https://www.gutenberg.org/ebooks/383
Humor,https://www.gutenberg.org/ebooks/19839
Humor,https://www.gutenberg.org/ebooks/580
Humor,https://www.gutenberg.org/ebooks/289
Humor,https://www.gutenberg.org/ebooks/17157
Humor,https://www.gutenberg.org/ebooks/56712
Humor,https://www.gutenberg.org/ebooks/31516
Humor,https://www.gutenberg.org/ebooks/27805
Humor,https://www.gutenberg.org/ebooks/19640
Humor,https://www.gutenberg.org/ebooks/4039
Humor,https://www.gutenberg.org/ebooks/3186
Humor,https://www.gutenberg.org/ebooks/24434
Humor,https://www.gutenberg.org/ebooks/3178
Humor,https://www.gutenberg.org/ebooks/12030
Humor,https://www.gutenberg.org/ebooks/4352
Humor,https://www.gutenberg.org/ebooks/6410
Humor,https://www.gutenberg.org/ebooks/2641
Humor,https://www.gutenberg.org/ebooks/6593
Humor,https://www.gutenberg.org/ebooks/1080
Humor,https://www.gutenberg.org/ebooks/76
Humor,https://www.gutenberg.org/ebooks/74
Humor,https://www.gutenberg.org/ebooks/158
Humor,https://www.gutenberg.org/ebooks/308
Humor,https://www.gutenberg.org/ebooks/8525
Humor,https://www.gutenberg.org/ebooks/972
Humor,https://www.gutenberg.org/ebooks/383
Humor,https://www.gutenberg.org/ebooks/19839
Humor,https://www.gutenberg.org/ebooks/580
Humor,https://www.gutenberg.org/ebooks/289
Humor,https://www.gutenberg.org/ebooks/17157
Humor,https://www.gutenberg.org/ebooks/56712
Humor,https://www.gutenberg.org/ebooks/31516
Humor,https://www.gutenberg.org/ebooks/27805
Humor,https://www.gutenberg.org/ebooks/19640
Humor,https://www.gutenberg.org/ebooks/4039
Humor,https://www.gutenberg.org/ebooks/3186
Humor,https://www.gutenberg.org/ebooks/24434
Humor,https://www.gutenberg.org/ebooks/3178
Humor,https://www.gutenberg.org/ebooks/12030
Humor,https://www.gutenberg.org/ebooks/4352
Humor,https://www.gutenberg.org/ebooks/6410
Humor,https://www.gutenberg.org/ebooks/2641
Humor,https://www.gutenberg.org/ebooks/6593
Humor,https://www.gutenberg.org/ebooks/1080
Humor,https://www.gutenberg.org/ebooks/76
Humor,https://www.gutenberg.org/ebooks/74
Humor,https://www.gutenberg.org/ebooks/158
Humor,https://www.gutenberg.org/ebooks/308
Humor,https://www.gutenberg.org/ebooks/8525
Humor,https://www.gutenberg.org/ebooks/972
Humor,https://www.gutenberg.org/ebooks/383
Humor,https://www.gutenberg.org/ebooks/19839
Humor,https://www.gutenberg.org/ebooks/580
Humor,https://www.gutenberg.org/ebooks/289
Humor,https://www.gutenberg.org/ebooks/17157
Humor,https://www.gutenberg.org/ebooks/56712
Humor,https://www.gutenberg.org/ebooks/31516
Humor,https://www.gutenberg.org/ebooks/27805
Humor,https://www.gutenberg.org/ebooks/19640
Humor,https://www.gutenberg.org/ebooks/4039
Humor,https://www.gutenberg.org/ebooks/3186
Humor,https://www.gutenberg.org/ebooks/24434
Humor,https://www.gutenberg.org/ebooks/3178
Humor,https://www.gutenberg.org/ebooks/12030
Humor,https://www.gutenberg.org/ebooks/4352
Humor,https://www.gutenberg.org/ebooks/6410
